Dia,Susceptibles,Infectados,Recuperados,NuevosContagios,R0Efectivo
1,999974,24,2,6,0.3000
2,999956,40,4,18,0.7500
3,999935,55,10,21,0.5250
4,999915,67,18,20,0.3636
5,999893,82,25,22,0.3284
6,999866,103,31,27,0.3293
7,999840,116,44,26,0.2524
8,999808,133,59,32,0.2759
9,999769,154,77,39,0.2932
10,999736,178,86,33,0.2143
11,999695,204,101,41,0.2303
12,999658,225,117,37,0.1814
13,999615,250,135,43,0.1911
14,999562,281,157,53,0.2120
15,999515,298,187,47,0.1673
16,999459,339,202,56,0.1879
17,999401,369,230,58,0.1711
18,999335,402,263,66,0.1789
19,999260,446,294,75,0.1866
20,999188,482,330,72,0.1614
21,999116,505,379,72,0.1494
22,999056,529,415,60,0.1188
23,998976,571,453,80,0.1512
24,998893,607,500,83,0.1454
25,998813,645,542,80,0.1318
26,998726,689,585,87,0.1349
27,998642,727,631,84,0.1219
28,998545,777,678,97,0.1334
29,998425,841,734,120,0.1544
30,998326,877,797,99,0.1177
31,998198,938,864,128,0.1460
32,998080,984,936,118,0.1258
33,997961,1009,1030,119,0.1209
34,997821,1065,1114,140,0.1388
35,997681,1114,1205,140,0.1315
36,997545,1170,1285,136,0.1221
37,997391,1240,1369,154,0.1316
38,997233,1300,1467,158,0.1274
39,997075,1356,1569,158,0.1215
40,996910,1396,1694,165,0.1217
41,996736,1475,1789,174,0.1246
42,996552,1539,1909,184,0.1247
43,996384,1583,2033,168,0.1092
44,996195,1636,2169,189,0.1194
45,995996,1689,2315,199,0.1216
46,995799,1752,2449,197,0.1166
47,995606,1821,2573,193,0.1102
48,995394,1888,2718,212,0.1164
49,995189,1944,2867,205,0.1086
50,994950,2020,3030,239,0.1229
51,994722,2069,3209,228,0.1129
52,994485,2136,3379,237,0.1145
53,994247,2178,3575,238,0.1114
54,993987,2270,3743,260,0.1194
55,993730,2341,3929,257,0.1132
56,993475,2410,4115,255,0.1089
57,993223,2478,4299,252,0.1046
58,992968,2551,4481,255,0.1029
59,992687,2648,4665,281,0.1102
60,992417,2717,4866,270,0.1020
61,992164,2761,5075,253,0.0931
62,991882,2832,5286,282,0.1021
63,991584,2908,5508,298,0.1052
64,991296,2956,5748,288,0.0990
65,991011,2994,5995,285,0.0964
66,990707,3046,6247,304,0.1015
67,990381,3129,6490,326,0.1070
68,990059,3198,6743,322,0.1029
69,989747,3238,7015,312,0.0976
70,989418,3315,7267,329,0.1016
71,989070,3405,7525,348,0.1050
72,988733,3460,7807,337,0.0990
73,988375,3553,8072,358,0.1035
74,988013,3644,8343,362,0.1019
75,987641,3727,8632,372,0.1021
76,987288,3763,8949,353,0.0947
77,986913,3833,9254,375,0.0997
78,986519,3906,9575,394,0.1028
79,986148,3965,9887,371,0.0950
80,985741,4081,10178,407,0.1026
81,985368,4090,10542,373,0.0914
82,985001,4101,10898,367,0.0897
83,984644,4136,11220,357,0.0871
84,984271,4183,11546,373,0.0902
85,983874,4261,11865,397,0.0949
86,983477,4313,12210,397,0.0932
87,983089,4335,12576,388,0.0900
88,982712,4325,12963,377,0.0870
89,982323,4392,13285,389,0.0899
90,981928,4446,13626,395,0.0899
91,981539,4453,14008,389,0.0875
92,981132,4492,14376,407,0.0914
93,980731,4527,14742,401,0.0893
94,980310,4596,15094,421,0.0930
95,979897,4629,15474,413,0.0899
96,979431,4707,15862,466,0.1007
97,979029,4702,16269,402,0.0854
98,978591,4746,16663,438,0.0932
99,978166,4816,17018,425,0.0895
100,977730,4879,17391,436,0.0905
101,977260,4958,17782,470,0.0963
102,976797,5036,18167,463,0.0934
103,976327,5125,18548,470,0.0933
104,975855,5184,18961,472,0.0921
105,975370,5254,19376,485,0.0936
106,974892,5300,19808,478,0.0910
107,974409,5338,20253,483,0.0911
108,973920,5398,20682,489,0.0916
109,973422,5456,21122,498,0.0923
110,972931,5520,21549,491,0.0900
111,972423,5600,21977,508,0.0920
112,971899,5646,22455,524,0.0936
113,971373,5720,22907,526,0.0932
114,970858,5778,23364,515,0.0900
115,970322,5826,23852,536,0.0928
116,969745,5943,24312,577,0.0990
117,969219,6000,24781,526,0.0885
118,968678,6016,25306,541,0.0902
119,968100,6113,25787,578,0.0961
120,967543,6180,26277,557,0.0911
121,966983,6227,26790,560,0.0906
122,966397,6363,27240,586,0.0941
123,965781,6483,27736,616,0.0968
124,965181,6562,28257,600,0.0925
125,964584,6636,28780,597,0.0910
126,963969,6702,29329,615,0.0927
127,963356,6762,29882,613,0.0915
128,962773,6775,30452,583,0.0862
129,962199,6821,30980,574,0.0847
130,961547,6936,31517,652,0.0956
131,960891,7009,32100,656,0.0946
132,960278,7028,32694,613,0.0875
133,959673,7063,33264,605,0.0861
134,958988,7153,33859,685,0.0970
135,958318,7237,34445,670,0.0937
136,957675,7333,34992,643,0.0888
137,956996,7445,35559,679,0.0926
138,956339,7516,36145,657,0.0882
139,955681,7591,36728,658,0.0875
140,954982,7679,37339,699,0.0921
141,954316,7758,37926,666,0.0867
142,953662,7810,38528,654,0.0843
143,952963,7903,39134,699,0.0895
144,952276,7926,39798,687,0.0869
145,951573,8016,40411,703,0.0887
146,950874,8101,41025,699,0.0872
147,950182,8192,41626,692,0.0854
148,949473,8260,42267,709,0.0865
149,948720,8343,42937,753,0.0912
150,948029,8368,43603,691,0.0828
151,947279,8468,44253,750,0.0896
152,946484,8602,44914,795,0.0939
153,945752,8665,45583,732,0.0851
154,944979,8746,46275,773,0.0892
155,944199,8822,46979,780,0.0892
156,943415,8915,47670,784,0.0889
157,942658,8959,48383,757,0.0849
158,941894,8999,49107,764,0.0853
159,941116,9070,49814,778,0.0865
160,940344,9151,50505,772,0.0851
161,939534,9237,51229,810,0.0885
162,938748,9282,51970,786,0.0851
163,937945,9317,52738,803,0.0865
164,937127,9425,53448,818,0.0878
165,936274,9542,54184,853,0.0905
166,935449,9633,54918,825,0.0865
167,934570,9707,55723,879,0.0912
168,933771,9732,56497,799,0.0823
169,932963,9810,57227,808,0.0830
170,932131,9841,58028,832,0.0848
171,931256,9947,58797,875,0.0889
172,930356,10050,59594,900,0.0905
173,929475,10158,60367,881,0.0877
174,928598,10206,61196,877,0.0863
175,927778,10196,62026,820,0.0803
176,926893,10208,62899,885,0.0868
177,926034,10250,63716,859,0.0841
178,925177,10272,64551,857,0.0836
179,924290,10302,65408,887,0.0864
180,923425,10313,66262,865,0.0840
181,922512,10372,67116,913,0.0885
182,921564,10484,67952,948,0.0914
183,920622,10597,68781,942,0.0899
184,919665,10673,69662,957,0.0903
185,918769,10754,70477,896,0.0840
186,917848,10859,71293,921,0.0856
187,916911,10921,72168,937,0.0863
188,915949,10935,73116,962,0.0881
189,914997,10989,74014,952,0.0871
190,914037,11033,74930,960,0.0874
191,913070,11152,75778,967,0.0876
192,912073,11308,76619,997,0.0894
193,911108,11360,77532,965,0.0853
194,910163,11384,78453,945,0.0832
195,909189,11478,79333,974,0.0856
196,908231,11495,80274,958,0.0835
197,907260,11526,81214,971,0.0845
198,906298,11546,82156,962,0.0835
199,905329,11613,83058,969,0.0839
200,904347,11685,83968,982,0.0846
201,903304,11777,84919,1043,0.0893
202,902297,11818,85885,1007,0.0855
203,901289,11892,86819,1008,0.0853
204,900307,11912,87781,982,0.0826
205,899313,11952,88735,994,0.0834
206,898241,12069,89690,1072,0.0897
207,897190,12141,90669,1051,0.0871
208,896151,12261,91588,1039,0.0856
209,895052,12394,92554,1099,0.0896
210,894011,12422,93567,1041,0.0840
211,892976,12431,94593,1035,0.0833
212,891968,12391,95641,1008,0.0811
213,890895,12455,96650,1073,0.0866
214,889802,12524,97674,1093,0.0878
215,888744,12567,98689,1058,0.0845
216,887647,12665,99688,1097,0.0873
217,886551,12740,100709,1096,0.0865
218,885417,12824,101759,1134,0.0890
219,884289,12897,102814,1128,0.0880
220,883172,13031,103797,1117,0.0866
221,882021,13131,104848,1151,0.0883
222,880864,13243,105893,1157,0.0881
223,879718,13307,106975,1146,0.0865
224,878561,13430,108009,1157,0.0869
225,877401,13477,109122,1160,0.0864
226,876248,13574,110178,1153,0.0856
227,875127,13571,111302,1121,0.0826
228,873990,13651,112359,1137,0.0838
229,872786,13739,113475,1204,0.0882
230,871616,13811,114573,1170,0.0852
231,870429,13893,115678,1187,0.0859
232,869189,14019,116792,1240,0.0893
233,868060,13998,117942,1129,0.0805
234,866863,14054,119083,1197,0.0855
235,865614,14188,120198,1249,0.0889
236,864359,14269,121372,1255,0.0885
237,863117,14390,122493,1242,0.0870
238,861835,14510,123655,1282,0.0891
239,860635,14600,124765,1200,0.0827
240,859374,14679,125947,1261,0.0864
241,858099,14769,127132,1275,0.0869
242,856868,14830,128302,1231,0.0834
243,855635,14856,129509,1233,0.0831
244,854338,14946,130716,1297,0.0873
245,853091,15042,131867,1247,0.0834
246,851843,15128,133029,1248,0.0830
247,850543,15192,134265,1300,0.0859
248,849251,15256,135493,1292,0.0850
249,847922,15385,136693,1329,0.0871
250,846606,15445,137949,1316,0.0855
251,845291,15553,139156,1315,0.0851
252,843958,15615,140427,1333,0.0857
253,842665,15658,141677,1293,0.0828
254,841389,15713,142898,1276,0.0815
255,840070,15806,144124,1319,0.0839
256,838743,15903,145354,1327,0.0840
257,837390,15900,146710,1353,0.0851
258,836016,15967,148017,1374,0.0864
259,834752,16030,149218,1264,0.0792
260,833412,16080,150508,1340,0.0836
261,832067,16166,151767,1345,0.0836
262,830779,16149,153072,1288,0.0797
263,829418,16186,154396,1361,0.0843
264,828043,16323,155634,1375,0.0849
265,826694,16380,156926,1349,0.0826
266,825337,16457,158206,1357,0.0828
267,823958,16515,159527,1379,0.0838
268,822666,16549,160785,1292,0.0782
269,821342,16615,162043,1324,0.0800
270,820048,16551,163401,1294,0.0779
271,818714,16571,164715,1334,0.0806
272,817399,16624,165977,1315,0.0794
273,816085,16597,167318,1314,0.0790
274,814760,16543,168697,1325,0.0798
275,813452,16480,170068,1308,0.0791
276,812106,16499,171395,1346,0.0817
277,810793,16499,172708,1313,0.0796
278,809405,16609,173986,1388,0.0841
279,808035,16686,175279,1370,0.0825
280,806644,16678,176678,1391,0.0834
281,805263,16716,178021,1381,0.0828
282,803857,16775,179368,1406,0.0841
283,802478,16763,180759,1379,0.0822
284,801092,16743,182165,1386,0.0827
285,799820,16646,183534,1272,0.0760
286,798504,16577,184919,1316,0.0791
287,797066,16674,186260,1438,0.0867
288,795650,16730,187620,1416,0.0849
289,794285,16707,189008,1365,0.0816
290,792929,16711,190360,1356,0.0812
291,791518,16794,191688,1411,0.0844
292,790068,16854,193078,1450,0.0863
293,788654,16885,194461,1414,0.0839
294,787249,16922,195829,1405,0.0832
295,785817,17080,197103,1432,0.0846
296,784355,17138,198507,1462,0.0856
297,782883,17263,199854,1472,0.0859
298,781427,17323,201250,1456,0.0843
299,779967,17392,202641,1460,0.0843
300,778473,17477,204050,1494,0.0859
301,776975,17555,205470,1498,0.0857
302,775508,17608,206884,1467,0.0836
303,774034,17717,208249,1474,0.0837
304,772539,17820,209641,1495,0.0844
305,770993,18001,211006,1546,0.0868
306,769481,18084,212435,1512,0.0840
307,767959,18179,213862,1522,0.0842
308,766425,18263,215312,1534,0.0844
309,764873,18377,216750,1552,0.0850
310,763318,18467,218215,1555,0.0846
311,761730,18593,219677,1588,0.0860
312,760166,18665,221169,1564,0.0841
313,758607,18756,222637,1559,0.0835
314,757104,18823,224073,1503,0.0801
315,755533,18952,225515,1571,0.0835
316,753955,19028,227017,1578,0.0833
317,752360,19188,228452,1595,0.0838
318,750806,19146,230048,1554,0.0810
319,749264,19200,231536,1542,0.0805
320,747739,19215,233046,1525,0.0794
321,746160,19246,234594,1579,0.0822
322,744609,19331,236060,1551,0.0806
323,743031,19294,237675,1578,0.0816
324,741443,19343,239214,1588,0.0823
325,739897,19338,240765,1546,0.0799
326,738312,19362,242326,1585,0.0820
327,736756,19343,243901,1556,0.0804
328,735205,19369,245426,1551,0.0802
329,733686,19336,246978,1519,0.0784
330,732140,19309,248551,1546,0.0800
331,730612,19220,250168,1528,0.0791
332,729112,19177,251711,1500,0.0780
333,727621,19086,253293,1491,0.0777
334,726098,19110,254792,1523,0.0798
335,724575,19036,256389,1523,0.0797
336,723100,18966,257934,1475,0.0775
337,721490,19077,259433,1610,0.0849
338,719969,19083,260948,1521,0.0797
339,718492,19065,262443,1477,0.0774
340,716995,19050,263955,1497,0.0785
341,715520,18960,265520,1475,0.0774
342,714013,19033,266954,1507,0.0795
343,712482,18970,268548,1531,0.0804
344,710987,18989,270024,1495,0.0788
345,709554,18888,271558,1433,0.0755
346,708101,18820,273079,1453,0.0769
347,706561,18928,274511,1540,0.0818
348,705062,18907,276031,1499,0.0792
349,703606,18868,277526,1456,0.0770
350,702124,18817,279059,1482,0.0785
351,700582,18904,280514,1542,0.0819
352,698960,19028,282012,1622,0.0858
353,697395,19036,283569,1565,0.0822
354,695876,19018,285106,1519,0.0798
355,694260,19045,286695,1616,0.0850
356,692636,19138,288226,1624,0.0853
357,691108,19123,289769,1528,0.0798
358,689531,19098,291371,1577,0.0825
359,687996,19081,292923,1535,0.0804
360,686407,19127,294466,1589,0.0833
361,684840,19166,295994,1567,0.0819
362,683294,19119,297587,1546,0.0807
363,681736,19205,299059,1558,0.0815
364,680235,19157,300608,1501,0.0782
365,678680,19180,302140,1555,0.0812
